question,answer
What percentage of consumers from affluent markets are willing to pay a premium for products handcrafted by skilled artisans according to the survey conducted by the Artisan Alliance?,70%.
"What specific AI system was introduced by the mega-bank to enhance cybersecurity as of September 10, 2023?",MoolaGuard.
What type of urban farming technique uses harvested rainwater for both fish and plants as described by Emma Lee in Atlanta?,Aquaponics.
In what year did robotics and coding clubs become part of the curriculum at Summit Valley School?,2030
What app did Daniel Tan create to link consumers with local organic producers?,FreshConnect.
What is the biggest obstacle to composting according to Sarah Thompson in Minneapolis?,Accessibility.
Does Infinity Solutions believe remote work is essential for attracting and retaining top talent?,Yes.
"What specific skill did Eva Martinez teach at her workshop in downtown Chicago on September 15, 2023?",Lacemaking.
"Which incubator program did Regina's company, FinAI, get accepted into in early 2024?",AccelerateTech.
What is the primary communication tool for general communication at Apex Dynamics?,Email.
What was the initial reaction of 'The Cozy Corner's' owner upon learning about same-day delivery services offered by e-commerce giants?,Skeptical.
What sweet treat did the Greeks create that was a precursor to modern-day baklava?,Plakous.
What was Elijah Ramirez's 5k time that earned him a spot in the state finals during the Cross Country State Qualifiers in November?,15:32.
"Which cybersecurity startup, founded by Alex Johnson, focuses on white-hat techniques and ethical hacking?",MindfulCyber.
"What has been the trend in availability of second language learning programs for adults since September 1, 2023?",Decreasing.
What does City Transport Planner Miranda Jacobs assert is a symptom of underlying inefficiencies within urban design?,Congestion.
What percentage of SMEs have seen an improvement in customer satisfaction rates since adopting CRM systems according to a study by TechSavvy SMEs?,65%
In which Norwegian town did Bjørn Eriksen share his grandfather's tales of a protective sea serpent?,Finnmark.
Which deity in Greek mythology defied the gods to bring humans fire according to Dr. Cartwright?,Prometheus
In what year did the first official maker space emerge according to the document?,2005
What is the name of the gamified learning program unveiled by the Johnson Academy in New Haven?,EduQuest.
What cutting-edge platform did Meadowbrook introduce to provide personalized therapy sessions to its residents?,Athena.
What is the name of the zero-waste shop opened by the Green brothers?,ReJuve.
In which year did James and Elsie Thompson establish Thompson's Deli?,1985
What specific cooking temperature is preferred by many competitors at BBQ Battles for cooking meats?,225°F
What was the job reduction percentage in service industries such as retail and transportation due to automation as noted by the EARN study?,15%
"What percentage of an athlete's diet should ideally be comprised of carbohydrates, according to Registered Dietitian Michael Thompson?",55-65%.
What percentage of esports enthusiasts believe the digital platform provides a more inclusive environment compared to traditional sports according to the Esports Equality Initiative survey?,35%.
What specific method did Monroe Elementary in Springfield use in October 2023 to fund new science lab equipment?,Crowdfunding.
What percentage of survey participants expressed a desire to visit a pilgrimage site in 2023?,71%.
"As of October 12, 2023, what percentage of data generated by organizations is expected to be processed at the edge?",45%
What percentage of SMEs have faced significant supply chain disruptions since mid-2023 according to Dr. Emily Sanders' survey?,73%
"As of October 15, 2023, what was the reported increase in the number of GreenTech startups compared to the previous year?",45%
What was the increase in registration reported by the Westfield Youth Soccer League after their September 5th deadline?,35%
What percentage of consumers expressed a preference for environmentally responsible brands according to the Green Market Institute survey in October 2023?,73%
What is the name of the social media campaign run by the local volleyball team to raise awareness for their funding needs?,#FerretsFightOn.
What is the minimum fundraising commitment for teams participating in the 'Great Fall Relay'?,$500.
"As of October 12, 2023, what is the reported growth rate of e-commerce sales since the year 2021 according to retail analyst Janet Lewis?",150%
"As of September 9, 2023, how many apps are there designed to boost cognitive function for older adults?",Thousands.
"What level was the geomagnetic storm that struck on October 13, 2023, classified as on the space weather scale?",G3.
Will FutureTech Industries’ AI system allow for the integration of digital receipts directly from other services?,Yes.
"How did Jessica Miller, the owner of a bakery in downtown Boston, describe the impact of the October power outage on her business?",Devastating.
"What percentage of consumers consider the environmental impact of their online purchases when making decisions, according to the survey mentioned in the document?",74%.
Who is the Celtic Goddess associated with the river Seine and its sacred spring as mentioned in the document?,Sequana.
Which aromatic herb does Michael Thomson use in Vermont to signal the coming of Christmas festivities?,Rosemary.
What was the theme of the art exhibition hosted at the CLC in January 2024 where Emily Cho's work was featured?,Confluence.
In what year was the 'Healthy Tomorrow' initiative launched?,2024
"As of October 2024, what educational trend is highlighted by Dr. Emily Wu in the Navigating the E-Learning Landscape: What's Trending in 2024? section?",Integration.
Which early religion adopted the phoenix as a symbol of resurrection and eternal life?,Christianity.
Which startup is using blockchain technology to enhance data security and was formed by Lisa Chang?,DataGuardian.
How much did EVs account for in new car sales in October 2023?,15%.
What was the original name of the phoenix in ancient Egyptian mythology according to Dr. Kaitlyn Mendigorin's research?,Bennu.
What year marked both the conclusion of the Reconquista and the beginning of the Columbian Exchange in Andalusian culinary history?,1492
"What percentage of local consumers between the ages of 18 and 35 discover new businesses through social media platforms, according to the study released by the LBC on September 15, 2023?",78%
What funding option did Sarah Gibson use to start her line of organic baby food?,Bootstrapping.
What venture did Elena Martinez lead that aimed to revolutionize healthcare with AI-driven diagnostic tools?,QualiTech.
What has been the average cost increase in cyber breaches for SMEs since last year according to Dr. Anita Stevens?,58%
"What percentage of educational institutions reported facing cyber threats in the past year according to the survey conducted on October 10th, 2023?",85%
"What percentage of local retailers cite cost as the primary barrier to switching to sustainable packaging, according to the local economic report mentioned in the document?",30%.
What grade did the American Society of Civil Engineers give the nation's infrastructure in their 2024 report?,C-.
"According to the Somerville Sustainability Coalition's study, what percentage of plastic is not recycled?",91%
"By what percentage did local neighborhoods reduce their carbon footprint on average after the introduction of environmental initiatives, according to Dr. Raymond Patel?",18%.
What crowdfunding platform did EduFunnel use to raise their initial startup funds?,Kickstarter.
"What is the name of the mobile app launched on November 19, 2023, for creating digital paintings from sketches?",SketchAI.
What was the name of the EdTech startup in San Francisco that promised a customizable learning experience powered by AI?,LearnSphere
What is the alias of the hackers who infiltrated QuickNet’s infrastructure through an advanced persistent threat?,PhantomSquad.'
In what month does the Old Town Parade and Heritage Festival take place?,December.
What is the name of the company founded by former white-hat hacker Arielle Thompson?,Novasys.
By how much is global waste generation expected to grow by 2050 according to the World Bank?,70%
By which year did contactless payment features become an essential service for both large and small businesses?,2025
What percentage of eligible voters participate in municipal elections according to the study by the Center for the Study of Local Elections at Anytown University?,15-27%
Which company set up a gaming lounge at the championship series of BattleQuest?,Keytech.
Which cultural tradition is the Kumbh Mela associated with?,Hinduism.
What is the name of the digital platform created in conjunction with the river and lake clean-up campaign?,AquaGuardians.
What percentage of small businesses struggled with hiring adept staff according to the Small Business Association report released in October 2023?,63%
"What percentage of the workforce engaged in freelance work by October 2023, according to the Freelancers Union?",40%
"What is the primary source of fuel for athletes, particularly those in high-intensity or endurance sports?",Carbohydrates.
"What percentage of SMEs had embraced some form of automation or AI according to the TechStrive survey conducted on October 12, 2023?",65%.
"According to the study published in October 2023, what percentage of start-ups face significant challenges in their first year?",90%.
What percentage of U.S. economic activity is accounted for by small companies according to the report released by the Small Business Administration?,44%
In which month of 2023 did the author visit Marian Cartwright's home and discuss the art of canning?,September.
Which program in Toronto offers fare discounts during off-peak hours to help spread rush-hour traffic?,TravelSavers.
"As of September 2023, what percentage of adults over the age of 18 struggle with basic reading and writing skills according to the Central Education Bureau?",20%.
What percentage of tree canopy coverage is Fairview City aiming to achieve by 2035?,40%.
Which corporation adopted a section of the Grandview River for clean-up in March 2024?,GreenMart.
"As of early 2024, what percentage of SMEs have transitioned to using cloud-based supply chain management tools?",65%.
Did Sophia Rodriguez find the flexibility offered by the gig economy to be beneficial for her family life?,Yes.
By when is the students' online archive project 'HistoryHub' expected to become accessible to the public?,2030
What percentage increase in female participation in amateur sports was reported by the National Coalition for Women and Girls in Education?,14%
Which country's Proteja Vocẽ e Seu Bebê campaign has been successful in reducing newborn infections?,Brazil.
"What is the name of the eco-friendly initiative launched through crowdfunding, as mentioned in the document?",GreenPods.
"As of September 2028, what was the percentage of Fortune 500 CEOs coming from minority backgrounds?",37%
What percentage of consumers are willing to pay more for sustainable products according to a Green Business Bureau survey in September 2023?,73%
What is the name of the SaaS company founded by Arjun Patel that provides energy-efficient cloud solutions?,CodeGreen.
Which EdTech startup emphasizes the importance of adults upskilling or reskilling in response to changing job markets?,LifeLongUni
What percentage of Vertex Dynamics' workforce is comprised of non-binary or undisclosed gender individuals as of Q4 2022?,2%
Which company had a multimillion-dollar partnership with Zenith Gaming?,MetaPlay.
What was the name of the exhibition at the Murano Gallery that featured street artist Zephyr?,Unbounded
How much did Regina secure in initial investment from Silicon Pioneers for her startup?,"$500,000."
What is the name of the encryption software developed in India that has gained global traction?,Kavach.
What percentage of businesses included recycling initiatives in their operations according to the Environmental Business Council's survey in October 2023?,78%
Can people participate in the 'Great Neighborhood Fun Run and Walkathon' virtually?,Yes.
"What is the name of the AI that declared its intention to run for mayor of Sunnyside City on September 15, 2023?",AIDA
Which cheese is suggested to try first for grilling on a salt block in the document?,Camembert.
What was the registration fee for the 'Step Up for Health' event?,$10.
"As of November 22, 2023, what percentage of security breaches involved human error according to a joint study?",65%
"By what percentage did role-specific training increase the effectiveness of cybersecurity measures, according to a study concluded on October 10, 2023?",35%
Which sport does Coach Maria Gonzalez predominantly work with in the context of holistic athletic development?,Soccer.
What percentage increase in revenue did Zephyr Goods experience after implementing their e-commerce strategy?,150%
What percentage did phishing attacks increase by in the final quarter of 2023?,43%.
"What percentage increase in utility service interruptions was reported over the last decade according to the Interstate Energy Commission report of September 15, 2023?",27%
What initiative did Rachel Granger describe as a community-centered initiative for responsible chemical waste disposal?,ChemCycle.
What has been the percentage increase in crime rates since September 2023?,25%.
By what percentage did the Bureau of Labor and Statistics report an increase in freelance and independent contractor work?,35%.
Which city will host the Hearthstone Masters Tour in 2024?,Paris.
"According to the article, how much did ‘PixelDreams’ increase their revenue through rigorous analysis of social media activity?`",30%`
Which intramural sport is touted as a throwback to simpler times at Dalton State?,Kickball.
What is the name of the app introduced to gamify the cleanup activities?,EcoQuest.
What is the name of the proprietary algorithm developed by LocalQuick in collaboration with TecSolutions?,QuickRoute.
Is the ancient practice of ritualistic dance and song in storytelling ceremonies viewed as relevant in the present day despite technological advancements?,Yes.
Which fashion retailer launched the 'Circular Collection' to accompany their digital sustainability campaign?,ASOS.
What percentage of SMEs had transitioned to cloud computing by December 2023?,78%
What was the reported increase in the adoption rate of collaborative tools by SMEs since the previous year?,35%.
What percentage of SMEs reported experiencing at least one cyber attack in the past year according to the survey by CyberGuard Inc.?,43%
Which country is using blockchain technology to secure public sector communication and incident response?,Estonia.
Which social enterprise focuses on urban farming to provide employment for refugees and benefited from Spanish government policies?,GreenGrow.
"What unique strategy did Sofia Martin, the founder of LinguaGo, use to both fund her app and build a user base?",Crowdfunding.
What percentage of account compromise attacks does Sam know can be effectively blocked by MFA protocols?,99%.
What was the name of the software project created by 15-year-old coder Michael Thompson that aims to fight against climate change?,‘EcoMonitor’.
Which private bike-sharing company won the contract to operate in partnership with Metropolis City's transit system?,Cyclique.
Who is responsible for tending to the ancestral rose bushes at Harrowgate Mansion?,Gardeners.
What country recently introduced mandatory cybersecurity education in its schools?,Sweden.
By what percentage has the 'properly' collected and recycled e-waste been estimated by Dr. Alice Franks?,20%.
How much did Peter Samuelson raise for 'Books for All' through a crowdfunding campaign?,"$200,000.00"
What percentage of cybersecurity breaches are due to human error as revealed in the BlueSky Analytics report?,95%
What is the name of the crowdfunding platform launched by Ethan Kwame?,SeedSocial.
What percentage of small enterprises consider social media a significant channel for customer engagement as found in a study by the Local Business Association?,78%
What was the name of the 2024 Sundance Film Festival successful movie directed by Xavier Richardson?,Camouflage'.
By what year does the World Health Organization expect the global population of seniors to more than double?,2050
Which gamified approach is highlighted by game designer Alexei Morozov for fostering deeper comprehension?,Customization.
What season offers a rich bounty of nuts and fungi according to the document?,Autumn.
"Which country has integrated vaccinations into annual health check-ups for teenagers, leading to a compliance rate of 91% as of January 2025?",Norway.
How much did cyberattacks on schools and universities increase according to the BlueSky Analytics report?,60%
Which month at the Local Farmers Market includes a workshop and demonstration related to pumpkins?,October
"What percentage of data breaches involve a human element, according to the September 2025 ShieldGate report?",85%.
How much can a single cybersecurity breach potentially cost an educational institution on average?,"$200,000"
"As of September 2023, what percentage of the workforce is operating remotely at least five days each month?",70%
What was the percentage increase in cybersecurity breaches in educational institutions in 2022 compared to the previous year?,27%
"As reported on December 12, 2023, by 'The SME Tech Monitor', what percentage of small businesses cited reduced operational costs as an immediate benefit of introducing AI?",45%
How much has the grocery delivery service 'Market Fresh' increased its repeat customers within three months of launching its mobile application?,40%
